{
    "volumen": 1.0,
    "modoMando": 1,
    "dificultad": 0,
    "inclinacionPantallaX": 358.27069091796877,
    "pantallaCurva": false,
    "centroX_L": 0.02702815644443035,
    "alcanceIzqX_L": -0.41913095116615298,
    "alcanceDerX_L": 0.3979409635066986,
    "centroX_R": 0.062207408249378207,
    "alcanceIzqX_R": -0.2471681386232376,
    "alcanceDerX_R": 0.6305392980575562,
    "distanciaMenu": 3,
    "distanciaPlana": 3.5854644775390627,
    "distanciaCurva": 4.248764514923096
}